price,bedrooms,propertySubType,address,location,url,formattedBranchName,addedOrReduced,firstVisibleDate,displaySize,productLabel,groupedAgent
300000,1,Flat,"Dod Street, London","https://www.google.com/maps/search/?api=1&query=51.51339,-0.02723",https://www.rightmove.co.uk/properties/146222684,"Barnard Marcus, Covent Garden",Added on 27/03/2024,2024-03-27T18:39:34Z,,Premium Listing,Barnard
300000,1,Flat,"St Stephens Road, Bow, London, E3","https://www.google.com/maps/search/?api=1&query=51.532716,-0.033965",https://www.rightmove.co.uk/properties/150557957,"Foxtons, Bow",Added yesterday,2024-07-23T15:44:04Z,333 sq. ft.,,Foxtons
300000,1,Flat,"Keats Close, Bermondsey, London, SE1","https://www.google.com/maps/search/?api=1&query=51.490474,-0.075782",https://www.rightmove.co.uk/properties/148391078,"Foxtons, London Bridge",Reduced on 22/07/2024,2024-05-24T15:17:45Z,395 sq. ft.,,Foxtons
300000,1,Flat,"Mile End Road, Mile End, London, E1","https://www.google.com/maps/search/?api=1&query=51.520969,-0.048812",https://www.rightmove.co.uk/properties/149095274,"Foxtons, Shoreditch",Reduced on 22/07/2024,2024-06-13T15:30:25Z,500 sq. ft.,,Foxtons
240000,1,Flat,"16 Altius Apartments, 714 Wick Lane, London, E3 2PZ","https://www.google.com/maps/search/?api=1&query=51.533541,-0.023073",https://www.rightmove.co.uk/properties/150387353,"BidX1, London",Added on 18/07/2024,2024-07-18T12:31:09Z,,,BidX1
295000,1,Apartment,"Marden Square, London","https://www.google.com/maps/search/?api=1&query=51.495079,-0.061112",https://www.rightmove.co.uk/properties/150187388,"Good Move, Leeds",Reduced on 18/07/2024,2024-07-12T13:51:11Z,539 sq. ft.,,Good
280000,1,Flat,"Stepney Way, London, E1","https://www.google.com/maps/search/?api=1&query=51.516768,-0.050638",https://www.rightmove.co.uk/properties/146625269,"Felicity J Lord, Wapping",Reduced on 18/07/2024,2024-04-09T17:02:49Z,,No Chain,Felicity
240000,1,Flat,"Wick Lane, Mile End, London, E3","https://www.google.com/maps/search/?api=1&query=51.533218,-0.022652",https://www.rightmove.co.uk/properties/147183449,"Foxtons, Bow",Reduced on 17/07/2024,2024-04-23T19:03:26Z,559 sq. ft.,,Foxtons
300000,1,Flat,"De Beauvoir Estate, Islington, N1","https://www.google.com/maps/search/?api=1&query=51.537768,-0.083214",https://www.rightmove.co.uk/properties/150341297,"Felicity J Lord, Islington",Added on 17/07/2024,2024-07-17T13:04:36Z,581 sq. ft.,No Chain,Felicity
300000,1,Flat,"Kirkby Apartments, 1B Baythorne Street, Bow, London, E3","https://www.google.com/maps/search/?api=1&query=51.517902,-0.027672",https://www.rightmove.co.uk/properties/148264577,"Keatons, Bow",Reduced on 17/07/2024,2024-05-22T09:31:14Z,516 sq. ft.,,Keatons
270000,1,Flat,"Tarling Street, Tower Hamlets, London, E1","https://www.google.com/maps/search/?api=1&query=51.512315,-0.054528",https://www.rightmove.co.uk/properties/148575083,"Foxtons, Shoreditch",Reduced on 16/07/2024,2024-05-31T01:25:57Z,511 sq. ft.,,Foxtons
300000,1,Flat,"Flat 5, Shire House,, Capulet Square,, Bromley-By-Bow,, E3","https://www.google.com/maps/search/?api=1&query=51.525223,-0.011849",https://www.rightmove.co.uk/properties/150301400,"Daniel Rose Residential Ltd, London",Added on 16/07/2024,2024-07-16T14:25:37Z,424 sq. ft.,,Daniel
250000,1,Apartment,"Mansford Street, London, E2","https://www.google.com/maps/search/?api=1&query=51.527928,-0.062431",https://www.rightmove.co.uk/properties/150291140,"Stirling Ackroyd Sales, Shoreditch",Added on 16/07/2024,2024-07-16T12:20:18Z,627 sq. ft.,,Stirling
290000,1,Flat,"Weymouth Terrace, Haggerston, London, E2","https://www.google.com/maps/search/?api=1&query=51.533044,-0.072043",https://www.rightmove.co.uk/properties/149631176,"Keatons, Shoreditch",Reduced on 16/07/2024,2024-06-27T15:28:15Z,389 sq. ft.,Premium Listing,Keatons
290000,1,Apartment,"Weymouth Terrace, London","https://www.google.com/maps/search/?api=1&query=51.5331,-0.072122",https://www.rightmove.co.uk/properties/148404257,"The Stow Brothers, Hackney",Added on 24/05/2024,2024-05-24T17:44:40Z,442 sq. ft.,,The
300000,1,Apartment,"Wharfside Point South, 4 Prestons Road, Canary Wharf, London, E14","https://www.google.com/maps/search/?api=1&query=51.508133,-0.009095",https://www.rightmove.co.uk/properties/149157797,"Life Residential, Royal Wharf - Sales",Reduced on 15/07/2024,2024-06-14T15:44:50Z,470 sq. ft.,,Life
275000,1,Flat,"Mile End Road, LONDON","https://www.google.com/maps/search/?api=1&query=51.52129,-0.04793",https://www.rightmove.co.uk/properties/150269795,"Felicity J Lord, Bow",Added on 15/07/2024,2024-07-15T18:09:52Z,,Premium Listing,Felicity
285000,1,Flat,"Hughes Mansions, Vallance Road, Whitechapel, London, E1","https://www.google.com/maps/search/?api=1&query=51.521623,-0.063541",https://www.rightmove.co.uk/properties/148935125,"Keatons, Shoreditch",Reduced on 15/07/2024,2024-06-10T09:02:27Z,461 sq. ft.,,Keatons
290000,1,Apartment,"Heathfield Court, Tredegar Road, London, E3","https://www.google.com/maps/search/?api=1&query=51.5319,-0.02585",https://www.rightmove.co.uk/properties/150206240,"National Residential, Nationwide",Added on 15/07/2024,2024-07-15T11:23:21Z,,,National
300000,1,Flat,"Bow Quarter Development, Bow","https://www.google.com/maps/search/?api=1&query=51.530494,-0.021763",https://www.rightmove.co.uk/properties/144470081,"Butler & Stag, London",Reduced on 13/07/2024,2024-02-07T15:19:26Z,422 sq. ft.,Parking,Butler
270000,2,Maisonette,"Flat 36, Storey House, Cottage Street, Poplar, London, E14","https://www.google.com/maps/search/?api=1&query=51.510349,-0.014297",https://www.rightmove.co.uk/properties/150395882,"Allsop, Auction",Added on 12/07/2024,2024-07-18T14:18:23Z,,,Allsop
280000,1,Flat,"Old Ford Road, London, E2","https://www.google.com/maps/search/?api=1&query=51.530125,-0.05398",https://www.rightmove.co.uk/properties/150200756,"Yopa, South East & London",Reduced on 12/07/2024,2024-07-12T16:57:02Z,,Premium Listing,Yopa
300000,1,Flat,"Ming Street, Docklands, London, E14","https://www.google.com/maps/search/?api=1&query=51.508776,-0.02197",https://www.rightmove.co.uk/properties/149133272,"Foxtons, Canary Wharf",Reduced on 12/07/2024,2024-06-14T11:05:46Z,524 sq. ft.,,Foxtons
300000,1,Apartment,"Alboran Apartments, Caspian Wharf, E3 3GU","https://www.google.com/maps/search/?api=1&query=51.51947,-0.016832",https://www.rightmove.co.uk/properties/147756884,"eXp UK, London",Reduced on 11/07/2024,2024-05-08T17:33:56Z,,,eXp
300000,1,Flat,"Buxton Street, London, E1","https://www.google.com/maps/search/?api=1&query=51.521653,-0.069483",https://www.rightmove.co.uk/properties/145748345,"Express Estate Agency, Nationwide",Reduced on 10/07/2024,2024-03-14T16:44:31Z,,,Express
300000,1,Flat,"Seven Sea Gardens, Bow, London, E3","https://www.google.com/maps/search/?api=1&query=51.519382,-0.016753",https://www.rightmove.co.uk/properties/146008823,"Foxtons, Shoreditch",Reduced on 10/07/2024,2024-03-21T15:25:07Z,498 sq. ft.,,Foxtons
300000,1,Flat,"Morecambe Close, Beaumont Square, Stepney, London, E1","https://www.google.com/maps/search/?api=1&query=51.519549,-0.046653",https://www.rightmove.co.uk/properties/137675498,"Foxtons, Shoreditch",Reduced on 09/07/2024,2023-07-20T19:47:32Z,619 sq. ft.,,Foxtons
292500,3,Flat,"Walpole Lodge, London - SHARED OWNERSHIP","https://www.google.com/maps/search/?api=1&query=51.507217,-0.127586",https://www.rightmove.co.uk/properties/147986984,"James Anderson, Putney - Sales",Reduced on 09/07/2024,2024-05-14T17:01:35Z,,,James
280000,1,Apartment,"Sage Street, London, E1","https://www.google.com/maps/search/?api=1&query=51.510216,-0.054906",https://www.rightmove.co.uk/properties/150029573,"Purplebricks, covering East London",Added on 08/07/2024,2024-07-08T23:00:40Z,,Premium Listing,Purplebricks
260000,1,Apartment,"St. James Street, Walthamstow","https://www.google.com/maps/search/?api=1&query=51.507631,-0.140149",https://www.rightmove.co.uk/properties/150010871,"Lloyds Residential, Woodford Green",Added on 08/07/2024,2024-07-08T16:59:10Z,,,Lloyds
300000,1,Flat,"New Kent Road, Newington, London, SE1","https://www.google.com/maps/search/?api=1&query=51.495022,-0.097687",https://www.rightmove.co.uk/properties/149918378,"Foxtons, Elephant & Castle",Added on 05/07/2024,2024-07-05T16:44:32Z,500 sq. ft.,,Foxtons
300000,1,Apartment,"Clyde Square, London","https://www.google.com/maps/search/?api=1&query=51.513941,-0.02656",https://www.rightmove.co.uk/properties/149908301,"Portico, Ilford",Reduced on 05/07/2024,2024-07-05T14:30:50Z,,Premium Listing,Portico
300000,1,Flat,"Severn Court, Clyde Square, London, E14","https://www.google.com/maps/search/?api=1&query=51.513996,-0.026554",https://www.rightmove.co.uk/properties/147033884,"Maybury Estates, Barking",Reduced on 05/07/2024,2024-04-19T14:57:34Z,,,Maybury
275000,1,Apartment,"Thorn Apartments, Geoff Cade Way, London, E3","https://www.google.com/maps/search/?api=1&query=51.518198,-0.026624",https://www.rightmove.co.uk/properties/145042997,"Felicity J Lord, Bow",Reduced on 04/07/2024,2024-02-23T11:46:24Z,,No Chain,Felicity
255000,2,Flat,"Chiltern Road, London, E3","https://www.google.com/maps/search/?api=1&query=51.52201,-0.0208",https://www.rightmove.co.uk/properties/149433539,"Let Property Sales & Management, Glasgow",Reduced on 04/07/2024,2024-06-21T12:20:16Z,,,Let
300000,1,Flat,"Talwin Street, Mile End, London, E3","https://www.google.com/maps/search/?api=1&query=51.524822,-0.014773",https://www.rightmove.co.uk/properties/149524253,"Foxtons, Bow",Reduced on 02/07/2024,2024-06-24T19:07:11Z,514 sq. ft.,,Foxtons
300000,1,Flat,"Tomlins Grove, London, E3","https://www.google.com/maps/search/?api=1&query=51.526398,-0.021644",https://www.rightmove.co.uk/properties/147635768,"Felicity J Lord, Bow",Reduced on 01/07/2024,2024-05-04T13:37:21Z,,No Chain,Felicity
295000,2,Apartment,"Wades Place, London, E14","https://www.google.com/maps/search/?api=1&query=51.50978,-0.018666",https://www.rightmove.co.uk/properties/149696084,"Ellis & Co, Bethnal Green",Added on 29/06/2024,2024-06-29T10:18:54Z,543 sq. ft.,Premium Listing,Ellis
300000,1,Flat,"Newton House, Cornwall Street, Shadwell, London, E1","https://www.google.com/maps/search/?api=1&query=51.511423,-0.059686",https://www.rightmove.co.uk/properties/149633705,"Keatons, Shoreditch",Added on 27/06/2024,2024-06-27T16:04:20Z,535 sq. ft.,,Keatons
299999,1,Apartment,"George Loveless House, Diss Street, Shoreditch, E2","https://www.google.com/maps/search/?api=1&query=51.529098,-0.073902",https://www.rightmove.co.uk/properties/149538944,"Peach Properties, London",Added on 25/06/2024,2024-06-25T10:41:30Z,459 sq. ft.,,Peach
241500,1,Flat,"Blackfriars Road, Southwark","https://www.google.com/maps/search/?api=1&query=51.499793,-0.104461",https://www.rightmove.co.uk/properties/148213889,"Dexters, London Bridge",Reduced on 24/06/2024,2024-05-21T09:13:22Z,,,Dexters
241500,1,Flat,"Blackfriars Road, Southwark","https://www.google.com/maps/search/?api=1&query=51.499793,-0.104461",https://www.rightmove.co.uk/properties/149245880,"Waterview, Waterview Shad Thames",Reduced on 24/06/2024,2024-06-17T14:14:52Z,,,Waterview
295000,1,Apartment,"Midhurst House, Salmon Lane, E14","https://www.google.com/maps/search/?api=1&query=51.514169,-0.033522",https://www.rightmove.co.uk/properties/149441168,"Ernest Brooks International, Canary Wharf",Added on 21/06/2024,2024-06-21T14:19:14Z,,,Ernest
300000,1,Apartment,"Talwin Street, Bromley-By-Bow, London, E3","https://www.google.com/maps/search/?api=1&query=51.52546,-0.01243",https://www.rightmove.co.uk/properties/149396519,"Chase Evans, Canary Wharf",Added on 20/06/2024,2024-06-20T12:58:43Z,,,Chase
280000,1,Apartment,"St Michaels Court, St Leonards Road, Poplar, E14","https://www.google.com/maps/search/?api=1&query=51.51637,-0.01168",https://www.rightmove.co.uk/properties/149335199,"Chase Evans, Canary Wharf",Added on 19/06/2024,2024-06-19T09:09:44Z,,,Chase
300000,2,Maisonette,"66 Kerbey Street, London, E14 6AW","https://www.google.com/maps/search/?api=1&query=51.513401,-0.016138",https://www.rightmove.co.uk/properties/149317367,"BidX1, London",Added on 18/06/2024,2024-06-18T16:02:40Z,,,BidX1
300000,1,Flat,"GEORGE HUDSON TOWER, Stratford, London, E15","https://www.google.com/maps/search/?api=1&query=51.531338,-0.012323",https://www.rightmove.co.uk/properties/143029778,"Foxtons, Stratford",Reduced on 17/06/2024,2023-12-18T19:23:18Z,534 sq. ft.,,Foxtons
240000,1,Apartment,"High Street, London","https://www.google.com/maps/search/?api=1&query=51.531711,-0.011424",https://www.rightmove.co.uk/properties/149237168,"David Daniels, Stratford",Added on 17/06/2024,2024-06-17T12:34:01Z,,,David
300000,2,Flat,"Kerbey Street, Tower Hamlets, London, E14","https://www.google.com/maps/search/?api=1&query=51.512499,-0.015612",https://www.rightmove.co.uk/properties/147617165,"Foxtons, Canary Wharf",Reduced on 14/06/2024,2024-05-03T19:06:03Z,838 sq. ft.,,Foxtons
300000,1,Apartment,"Devons Road, London, E3","https://www.google.com/maps/search/?api=1&query=51.518515,-0.022525",https://www.rightmove.co.uk/properties/148130399,"Stirling Ackroyd Sales, Canary Wharf",Reduced on 12/06/2024,2024-05-17T16:55:39Z,,,Stirling
299950,1,Flat,"Maltings Close, London, E3","https://www.google.com/maps/search/?api=1&query=51.52441,-0.00888",https://www.rightmove.co.uk/properties/149042804,"AWCHILDS LTD, London",Added on 12/06/2024,2024-06-12T14:17:45Z,,,AWCHILDS
300000,1,Flat,"Bath Terrace, Elephant and Castle, London, SE1","https://www.google.com/maps/search/?api=1&query=51.496922,-0.096211",https://www.rightmove.co.uk/properties/146868761,"Foxtons, Elephant & Castle",Reduced on 11/06/2024,2024-04-16T11:19:43Z,270 sq. ft.,New Listing,Foxtons
300000,3,Flat,"Flat 11, 187 East India Dock Road, London, E14 0EF","https://www.google.com/maps/search/?api=1&query=51.511615,-0.012874",https://www.rightmove.co.uk/properties/148678316,"BidX1, London",Added on 03/06/2024,2024-06-03T13:03:08Z,,,BidX1
300000,2,Flat,"Jodrell Road, LONDON, London, E3","https://www.google.com/maps/search/?api=1&query=51.53822,-0.02774",https://www.rightmove.co.uk/properties/148675607,"Bairstow Eves, Bow",Added on 03/06/2024,2024-06-03T12:31:38Z,646 sq. ft.,Premium Listing,Bairstow
300000,1,Flat,"Stainsby Road, Canary Wharf","https://www.google.com/maps/search/?api=1&query=51.515493,-0.023847",https://www.rightmove.co.uk/properties/86822325,"Dexters, Canary Wharf",Reduced on 31/05/2024,2024-03-25T11:16:02Z,,,Dexters
300000,1,Flat,"Stainsby Road, Canary Wharf","https://www.google.com/maps/search/?api=1&query=51.515493,-0.023847",https://www.rightmove.co.uk/properties/86821605,"Waterview, Waterview Shad Thames",Reduced on 31/05/2024,2024-03-25T11:05:57Z,,,Waterview
250000,1,Flat,"Chagford House, Bow","https://www.google.com/maps/search/?api=1&query=51.525444,-0.015209",https://www.rightmove.co.uk/properties/138716156,"Butler & Stag, London",Added on 31/05/2024,2023-08-16T14:28:55Z,415 sq. ft.,No Chain,Butler
300000,1,Apartment,"Brine House, St Stephens Road, Bow E3","https://www.google.com/maps/search/?api=1&query=51.53284,-0.0336",https://www.rightmove.co.uk/properties/148505528,"Chase Evans, Docklands",Added on 29/05/2024,2024-05-29T13:21:39Z,,,Chase
300000,1,Apartment,"Stafford Road, Bow, E3","https://www.google.com/maps/search/?api=1&query=51.531032,-0.030239",https://www.rightmove.co.uk/properties/149342129,"Moveli, London & Country",Added on 28/05/2024,2024-06-19T10:41:24Z,484 sq. ft.,,Moveli
300000,1,Flat,"Old Kent Road, Bermondsey","https://www.google.com/maps/search/?api=1&query=51.49237,-0.0823",https://www.rightmove.co.uk/properties/145810682,"Kinleigh Folkard & Hayward - Sales, London Bridge",Reduced on 24/05/2024,2024-03-16T09:50:06Z,,,Kinleigh
280000,1,Flat,"Flat 3, 115 Cannon Street Road, London, E1 2LX","https://www.google.com/maps/search/?api=1&query=51.512696,-0.061613",https://www.rightmove.co.uk/properties/148394927,"BidX1, London",Added on 24/05/2024,2024-05-24T16:02:52Z,,,BidX1
258500,2,Flat,"4 Nicholson Square, London, E3 3UB","https://www.google.com/maps/search/?api=1&query=51.528534,-0.010874",https://www.rightmove.co.uk/properties/148383761,"Southern Housing (RES), Southern Housing (RES)",Added on 24/05/2024,2024-05-24T13:38:24Z,,,Southern
300000,2,Flat,"Fusion Building, Docklands, London, E14","https://www.google.com/maps/search/?api=1&query=51.51118,-0.013104",https://www.rightmove.co.uk/properties/145195559,"Foxtons, Canary Wharf",Reduced on 23/05/2024,2024-02-28T11:04:05Z,661 sq. ft.,,Foxtons
300000,1,Flat,"Caramel Court, Bow E3","https://www.google.com/maps/search/?api=1&query=51.529981,-0.015626",https://www.rightmove.co.uk/properties/147368489,"Alex Neil Estate Agents, Canary Wharf & Docklands - Sales",Reduced on 22/05/2024,2024-04-29T12:20:50Z,,,Alex
280000,1,Flat,"Cannon Street Road, Tower Hamlets, London, E1","https://www.google.com/maps/search/?api=1&query=51.513267,-0.062025",https://www.rightmove.co.uk/properties/145871498,"Foxtons, Wapping",Reduced on 21/05/2024,2024-03-18T19:30:57Z,592 sq. ft.,,Foxtons
290000,1,Apartment,"Lockwood Square, London","https://www.google.com/maps/search/?api=1&query=51.496559,-0.060571",https://www.rightmove.co.uk/properties/144637796,"Leonard Leese, London",Reduced on 18/05/2024,2024-02-12T15:17:49Z,352 sq. ft.,,Leonard
300000,1,Apartment,"Fondant Court, Taylor Place, London","https://www.google.com/maps/search/?api=1&query=51.530223,-0.01575",https://www.rightmove.co.uk/properties/147842570,"Oliver Jaques, Bow",Reduced on 14/05/2024,2024-05-10T13:30:06Z,489 sq. ft.,Lift Access,Oliver
280000,1,Flat,"Usher Road, London","https://www.google.com/maps/search/?api=1&query=51.532192,-0.026095",https://www.rightmove.co.uk/properties/142763675,"CITY REALTOR LIMITED, London",Reduced on 14/05/2024,2023-12-07T12:09:10Z,,,CITY
300000,1,Flat,"Fondant Court, Bow","https://www.google.com/maps/search/?api=1&query=51.529857,-0.015591",https://www.rightmove.co.uk/properties/147907385,"Butler & Stag, London",Added on 13/05/2024,2024-05-13T09:52:20Z,509 sq. ft.,EWS1 Form approved,Butler
299999,1,Apartment,"OBrien House, Roman Road, London, E2","https://www.google.com/maps/search/?api=1&query=51.529557,-0.043975",https://www.rightmove.co.uk/properties/145540043,"Ellis & Co, Bethnal Green",Reduced on 10/05/2024,2024-03-08T16:14:00Z,517 sq. ft.,Premium Listing,Ellis
300000,2,Flat,"Sleigh House, Bacton Street, London","https://www.google.com/maps/search/?api=1&query=51.528175,-0.049454",https://www.rightmove.co.uk/properties/140806112,"Elms Estates, Bethnal Green",Reduced on 03/05/2024,2023-10-04T18:53:32Z,,No Chain,Elms
290000,1,Flat,"Arlington Building, Bow Quarter, 60 Fairfield Road, Bow, London, E3","https://www.google.com/maps/search/?api=1&query=51.531174,-0.021875",https://www.rightmove.co.uk/properties/147596399,"Keatons, Bow",Added on 03/05/2024,2024-05-03T14:25:42Z,336 sq. ft.,,Keatons
285000,1,Apartment,"St. Leonards Road, London, E14","https://www.google.com/maps/search/?api=1&query=51.516377,-0.011547",https://www.rightmove.co.uk/properties/147577457,"Purplebricks, covering East London",Added on 03/05/2024,2024-05-03T10:21:16Z,,,Purplebricks
240000,1,Flat,"Garter Way, London, SE16","https://www.google.com/maps/search/?api=1&query=51.500753,-0.046369",https://www.rightmove.co.uk/properties/147541619,"Your Move, New Cross",Added on 02/05/2024,2024-05-02T13:34:05Z,,Viewing Advised,Your
275000,1,Flat,"Locton Green, Ruston Street,, Bow, London, E3","https://www.google.com/maps/search/?api=1&query=51.5366,-0.02738",https://www.rightmove.co.uk/properties/146196869,"Bairstow Eves, Bow",Reduced on 26/04/2024,2024-03-27T12:16:01Z,474 sq. ft.,Premium Listing,Bairstow
300000,1,Flat,"Milton Close, Bermondsey","https://www.google.com/maps/search/?api=1&query=51.490346,-0.075163",https://www.rightmove.co.uk/properties/147198653,"Waterview, Waterview Shad Thames",Added on 24/04/2024,2024-04-24T09:39:41Z,,,Waterview
300000,1,Flat,"Milton Close, Bermondsey","https://www.google.com/maps/search/?api=1&query=51.490346,-0.075163",https://www.rightmove.co.uk/properties/146437865,"Dexters, London Bridge",Reduced on 23/04/2024,2024-04-04T14:32:04Z,,,Dexters
262500,2,Apartment,"Imperial Street, 
London, 
E3 3DA","https://www.google.com/maps/search/?api=1&query=51.52723,-0.01063",https://www.rightmove.co.uk/properties/147109634,Guinness Homes,Added on 22/04/2024,2024-04-22T15:58:50Z,765 sq. ft.,Last Few Remaining,Guinness
300000,3,Flat,"Midship Point, Canary Wharf","https://www.google.com/maps/search/?api=1&query=51.498746,-0.024534",https://www.rightmove.co.uk/properties/146910545,"Waterview, Waterview Shad Thames",Added on 17/04/2024,2024-04-17T09:40:53Z,,,Waterview
300000,1,Flat,"Prestons Road, Canary Wharf","https://www.google.com/maps/search/?api=1&query=51.508132,-0.009096",https://www.rightmove.co.uk/properties/146348471,"Dexters, Canary Wharf",Reduced on 15/04/2024,2024-04-02T11:45:53Z,,,Dexters
270000,1,Apartment,"Shadwell Gardens, London, E1","https://www.google.com/maps/search/?api=1&query=51.51143,-0.05484",https://www.rightmove.co.uk/properties/143470595,"GetGround, London",Reduced on 15/04/2024,2024-01-08T15:00:15Z,439 sq. ft.,,GetGround
280000,1,Apartment,"Fenton Street, E1","https://www.google.com/maps/search/?api=1&query=51.514428,-0.059034",https://www.rightmove.co.uk/properties/142213256,"Hurford Salvi Carr, Aldgate",Reduced on 12/04/2024,2023-11-20T22:16:03Z,,,Hurford
300000,1,Apartment,"Maltings Close, London, E3","https://www.google.com/maps/search/?api=1&query=51.524466,-0.008686",https://www.rightmove.co.uk/properties/146736182,"Stirling Ackroyd Sales, Canary Wharf",Added on 12/04/2024,2024-04-12T09:09:55Z,,,Stirling
290000,1,Apartment,"Roman Road, London, E3","https://www.google.com/maps/search/?api=1&query=51.532726,-0.03074",https://www.rightmove.co.uk/properties/146069519,"Winkworth, Bow",Reduced on 10/04/2024,2024-03-22T18:22:48Z,450 sq. ft.,,Winkworth
290000,2,Flat,"Carmen Street, Poplar, London, E14","https://www.google.com/maps/search/?api=1&query=51.514435,-0.01681",https://www.rightmove.co.uk/properties/145485689,"Foxtons, Canary Wharf",Reduced on 09/04/2024,2024-03-07T15:05:25Z,744 sq. ft.,,Foxtons
275000,1,Flat,"Bow Quarter Development, Bow","https://www.google.com/maps/search/?api=1&query=51.531219,-0.022545",https://www.rightmove.co.uk/properties/146596370,"Butler & Stag, London",Added on 09/04/2024,2024-04-09T10:32:19Z,387 sq. ft.,Swimming Pool,Butler
295000,2,Apartment,"Maltings Close, London, E3","https://www.google.com/maps/search/?api=1&query=51.524306,-0.008593",https://www.rightmove.co.uk/properties/140170394,"Reeds Rains, Plaistow",Reduced on 08/04/2024,2023-09-19T17:47:46Z,,Parking,Reeds
300000,3,Flat,"Midship Point, Canary Wharf","https://www.google.com/maps/search/?api=1&query=51.498746,-0.024534",https://www.rightmove.co.uk/properties/144541049,"Dexters, Canary Wharf",Reduced on 08/04/2024,2024-02-09T10:15:00Z,,,Dexters
285000,1,Flat,"Roman Road, London","https://www.google.com/maps/search/?api=1&query=51.528224,-0.050238",https://www.rightmove.co.uk/properties/146236868,"Elms Estates, Bethnal Green",Added on 28/03/2024,2024-03-28T10:34:48Z,,,Elms
300000,1,Apartment,"White Horse Lane, London E1","https://www.google.com/maps/search/?api=1&query=51.519545,-0.043538",https://www.rightmove.co.uk/properties/134939180,"Felicity J Lord, Bow",Reduced on 25/03/2024,2023-05-18T10:05:47Z,,Star Buy,Felicity
300000,2,Apartment,"East India Dock Road, London, E14","https://www.google.com/maps/search/?api=1&query=51.511399,-0.012902",https://www.rightmove.co.uk/properties/142924931,"Reeds Rains, Plaistow",Reduced on 22/03/2024,2023-12-14T07:41:17Z,,Close to Station,Reeds
260000,2,Apartment,"Flannery Court, Keetons Road, London","https://www.google.com/maps/search/?api=1&query=51.497011,-0.062832",https://www.rightmove.co.uk/properties/146007140,"SOWN, Nationwide",Reduced on 21/03/2024,2024-03-21T15:03:17Z,,,SOWN
250000,1,Apartment,"Hazel Way, London","https://www.google.com/maps/search/?api=1&query=51.493758,-0.076598",https://www.rightmove.co.uk/properties/144584561,"Acorn, London Bridge",Reduced on 19/03/2024,2024-02-09T21:40:45Z,,Premium Listing,Acorn
300000,1,Apartment,"Loren Apartments, 51 Blair Street, London, E14","https://www.google.com/maps/search/?api=1&query=51.513208,-0.005026",https://www.rightmove.co.uk/properties/145751423,"JOHNS&CO, New Providence Wharf",Added on 14/03/2024,2024-03-14T17:35:02Z,,,JOHNS&CO
280000,1,Apartment,"Sutton Street, London, E1","https://www.google.com/maps/search/?api=1&query=51.511314,-0.053361",https://www.rightmove.co.uk/properties/143464358,"Purplebricks, covering East London",Reduced on 11/03/2024,2024-01-08T13:13:36Z,,,Purplebricks
295000,1,Flat,"Explorers Court, Canary Wharf, London, E14","https://www.google.com/maps/search/?api=1&query=51.508935,-0.002107",https://www.rightmove.co.uk/properties/140421560,"Foxtons, Canary Wharf",Reduced on 04/03/2024,2023-09-25T19:04:20Z,467 sq. ft.,,Foxtons
300000,1,Flat,"Golden Lane Estate, EC1","https://www.google.com/maps/search/?api=1&query=51.522935,-0.095715",https://www.rightmove.co.uk/properties/145327076,"Felicity J Lord, Clerkenwell",Added on 01/03/2024,2024-03-01T16:15:08Z,,Premium Listing,Felicity
299999,3,Apartment,"Midship Point, The Quarterdeck, Isle Of Dogs, E14","https://www.google.com/maps/search/?api=1&query=51.498704,-0.024506",https://www.rightmove.co.uk/properties/139711892,"Ernest Brooks International, Canary Wharf",Reduced on 28/02/2024,2023-09-08T17:07:00Z,840 sq. ft.,,Ernest
300000,1,Flat,"Watney Street, London","https://www.google.com/maps/search/?api=1&query=51.511287,-0.056395",https://www.rightmove.co.uk/properties/146686979,"CITY REALTOR LIMITED, London",Reduced on 28/02/2024,2024-04-11T09:33:49Z,,,CITY
299950,2,House,"Ida Street, London","https://www.google.com/maps/search/?api=1&query=51.51345,-0.011532",https://www.rightmove.co.uk/properties/144177134,"Daniel Ford, Kings Cross",Reduced on 22/02/2024,2024-01-30T16:45:22Z,819 sq. ft.,,Daniel
279995,1,Flat,"Sutton Street, London","https://www.google.com/maps/search/?api=1&query=51.510799,-0.054498",https://www.rightmove.co.uk/properties/146357123,"Hammonds, London",Added on 19/02/2024,2024-04-02T13:53:23Z,,,Hammonds
270000,1,Flat,"Usher Road, London, E3","https://www.google.com/maps/search/?api=1&query=51.5329,-0.02696",https://www.rightmove.co.uk/properties/144682220,"Let Property Sales & Management, Glasgow",Added on 13/02/2024,2024-02-13T15:13:27Z,,,Let
300000,1,Apartment,"Paisley Court, Limehouse, E14","https://www.google.com/maps/search/?api=1&query=51.51388,-0.02673",https://www.rightmove.co.uk/properties/140218925,"Romans & Partners, London",Reduced on 07/02/2024,2023-09-20T15:14:08Z,506 sq. ft.,,Romans
285000,2,Flat,"(50% Share) Greatorex Street, Brick Lane, London, E1","https://www.google.com/maps/search/?api=1&query=51.518607,-0.067718",https://www.rightmove.co.uk/properties/144319295,"Foxtons, Shoreditch",Added on 02/02/2024,2024-02-02T15:20:46Z,638 sq. ft.,,Foxtons
295000,1,Flat,"Fairmont Avenue, London, E14","https://www.google.com/maps/search/?api=1&query=51.506291,-0.004406",https://www.rightmove.co.uk/properties/144189815,"Hamptons, Canary Wharf",Added on 31/01/2024,2024-01-31T08:50:58Z,300 sq. ft.,Close to Station,Hamptons
300000,1,Flat,"Settlers Court, 17 Newport Avenue, East Indian Dock, Canary Wharf, Blackwal, London, E14 2DG","https://www.google.com/maps/search/?api=1&query=51.50893,0.000845",https://www.rightmove.co.uk/properties/149772497,"Jack Barclay Estates, London",Added on 12/01/2024,2024-07-02T10:48:35Z,,,Jack
275000,1,Flat,"Lockwood Square, London, SE16","https://www.google.com/maps/search/?api=1&query=51.49605,-0.06054",https://www.rightmove.co.uk/properties/149468924,"Oppida, Surrey Quays",Added on 05/01/2024,2024-06-22T12:22:33Z,,,Oppida
295000,1,Apartment,"Camdenhurst Street, London, E14","https://www.google.com/maps/search/?api=1&query=51.51483,-0.03714",https://www.rightmove.co.uk/properties/131229644,"Purplebricks, covering East London",Reduced on 12/12/2023,2023-01-30T19:10:55Z,,,Purplebricks
275000,1,Flat,"Usher Road, London","https://www.google.com/maps/search/?api=1&query=51.532573,-0.026495",https://www.rightmove.co.uk/properties/142763645,"CITY REALTOR LIMITED, London",Added on 07/12/2023,2023-12-07T12:08:17Z,,,CITY
260000,2,Flat,"Candy Street, London, E3","https://www.google.com/maps/search/?api=1&query=51.537094,-0.028034",https://www.rightmove.co.uk/properties/146815829,"eXp UK, London",Added on 26/11/2023,2024-04-15T10:51:13Z,490 sq. ft.,,eXp
270000,1,Flat,"Plough Way, 
South Bermondsey, SE16","https://www.google.com/maps/search/?api=1&query=51.492235,-0.043166",https://www.rightmove.co.uk/properties/149231636,"Chestertons, Surrey Quays",Reduced on 24/11/2023,2024-06-17T11:12:10Z,570 sq. ft.,,Chestertons
285000,1,Apartment,"morris Road, london","https://www.google.com/maps/search/?api=1&query=51.51754,-0.01641",https://www.rightmove.co.uk/properties/142328819,"Felicity J Lord, Bow",Added on 23/11/2023,2023-11-23T09:30:14Z,,Star Buy,Felicity
300000,1,Apartment,"Colebert Avenue, London, E1","https://www.google.com/maps/search/?api=1&query=51.524575,-0.050474",https://www.rightmove.co.uk/properties/141882956,"Purplebricks, covering East London",Added on 09/11/2023,2023-11-09T16:45:04Z,,Premium Listing,Purplebricks
250000,1,Apartment,"50 St. Leonards Street, London","https://www.google.com/maps/search/?api=1&query=51.525829,-0.011918",https://www.rightmove.co.uk/properties/139021595,"Oliver Jaques, Bow",Reduced on 06/11/2023,2023-08-23T21:37:04Z,406 sq. ft.,Conversion,Oliver
300000,2,Flat,"Withy House, Globe Road, London","https://www.google.com/maps/search/?api=1&query=51.523117,-0.047346",https://www.rightmove.co.uk/properties/136452488,"Elms Estates, Bethnal Green",Reduced on 27/10/2023,2023-06-22T18:35:55Z,,No Chain,Elms
275000,1,Apartment,"Violet Road, London, E3","https://www.google.com/maps/search/?api=1&query=51.52086,-0.01809",https://www.rightmove.co.uk/properties/141133649,"Felicity J Lord, Bow",Added on 21/10/2023,2023-10-21T15:20:26Z,,Star Buy,Felicity
275000,1,Flat,"Tarling Street, London, E1","https://www.google.com/maps/search/?api=1&query=51.512918,-0.055299",https://www.rightmove.co.uk/properties/132566357,"Felicity J Lord, Wapping",Added on 18/10/2023,2023-03-14T17:25:22Z,,Premium Listing,Felicity
300000,3,Flat,"Strahan Road, London, E3","https://www.google.com/maps/search/?api=1&query=51.528757,-0.037536",https://www.rightmove.co.uk/properties/140988890,"Purplebricks, covering East London",Added on 17/10/2023,2023-10-17T18:11:42Z,,,Purplebricks
300000,1,Apartment,"Wharf Lane, London, E14","https://www.google.com/maps/search/?api=1&query=51.512252,-0.033136",https://www.rightmove.co.uk/properties/140871344,"Franklyn James, Limehouse and Wapping",Added on 13/10/2023,2023-10-13T16:18:26Z,534 sq. ft.,,Franklyn
270500,1,Apartment,"Consort Place, Manilla Street, London, E14","https://www.google.com/maps/search/?api=1&query=51.50129,-0.024",https://www.rightmove.co.uk/properties/86552694,"Site Sales, Loughton",Reduced on 11/10/2023,2023-10-11T12:37:15Z,556 sq. ft.,,Site
300000,1,Apartment,"60 Fairfield Road, London, E3","https://www.google.com/maps/search/?api=1&query=51.531608,-0.020443",https://www.rightmove.co.uk/properties/147855590,"Purplebricks, covering East London",Reduced on 27/09/2023,2024-05-10T16:19:44Z,,,Purplebricks
270000,2,Flat,"Devons Road, London","https://www.google.com/maps/search/?api=1&query=51.52269,-0.017594",https://www.rightmove.co.uk/properties/139007861,"Felicity J Lord, Bow",Reduced on 25/09/2023,2023-08-23T15:57:07Z,,No Chain,Felicity
300000,1,Flat,"Old Kent Road, Southwark, SE1","https://www.google.com/maps/search/?api=1&query=51.491606,-0.081427",https://www.rightmove.co.uk/properties/140081324,"Purplebricks, covering South East London",Reduced on 21/09/2023,2023-09-18T08:03:37Z,,,Purplebricks
290000,1,Flat,"Brydale House, Rotherhithe Street, London, SE16 2PT","https://www.google.com/maps/search/?api=1&query=51.491657,-0.048142",https://www.rightmove.co.uk/properties/138942881,"JS Estate Management, London",Added on 22/08/2023,2023-08-22T11:55:51Z,,,JS
245000,1,Apartment,"Topmast Point, The Quarterdeck, London","https://www.google.com/maps/search/?api=1&query=51.49978,-0.02493",https://www.rightmove.co.uk/properties/145478138,"Open Homes, Colindale",Added on 21/08/2023,2024-03-07T13:05:09Z,,,Open
300000,1,Apartment,"Manhattan Building, Fairfield Road, London, E3","https://www.google.com/maps/search/?api=1&query=51.530493,-0.021774",https://www.rightmove.co.uk/properties/136973636,"Felicity J Lord, Bow",Reduced on 14/08/2023,2023-07-05T18:23:49Z,,Buy to Let,Felicity
275000,2,Flat,"Globe Road, London E1","https://www.google.com/maps/search/?api=1&query=51.52289,-0.04757",https://www.rightmove.co.uk/properties/136884272,"Felicity J Lord, Bow",Reduced on 03/07/2023,2023-07-03T15:24:27Z,,No Chain,Felicity
295000,2,Ground Flat,"Albion Street, London, SE16","https://www.google.com/maps/search/?api=1&query=51.50039,-0.05113",https://www.rightmove.co.uk/properties/131021699,"Sail Homes, Redcliffe",Reduced on 03/03/2023,2023-01-24T14:30:03Z,42 sq. ft.,,Sail
260000,1,Flat,"5 Spencer Way, London","https://www.google.com/maps/search/?api=1&query=51.512184,-0.056446",https://www.rightmove.co.uk/properties/131324129,"Kings Group, Hackney",Reduced on 24/11/2022,2023-02-02T09:07:21Z,,No Chain,Kings
250000,1,Flat,"Horseferry Road, London, E14","https://www.google.com/maps/search/?api=1&query=51.510844,-0.038246",https://www.rightmove.co.uk/properties/110843924,"Felicity J Lord, Wapping",Reduced on 02/11/2022,2021-07-23T15:09:58Z,,Public Notice,Felicity
280000,1,Flat,"Hind Grove, London, E14","https://www.google.com/maps/search/?api=1&query=51.513172,-0.023115",https://www.rightmove.co.uk/properties/122136878,"Elms Estates, Bethnal Green",Reduced on 21/04/2022,2022-04-08T09:50:48Z,,No Chain,Elms
